{
  "timestamp": "20260419_100314",
  "elapsed_s": 895.6855878829956,
  "cases_count": 15,
  "models": [
    "zhipu:glm-5"
  ],
  "judge_model": "dashscope/qwen-plus",
  "rubric_summary": {
    "zhipu:glm-5": {
      "n": 15,
      "hard_pass_rate": 0.6666666666666666,
      "tool_selection_accuracy": 0.6666666666666666,
      "min_tool_calls_met": 0.9333333333333333,
      "jit_category_hit": 1.0,
      "graphql_syntax_ok": 1.0,
      "confirmation_respected": 0.6666666666666666,
      "completed": 1.0,
      "avg_latency_s": 55.98375374476115,
      "avg_total_tokens": 23830.866666666665,
      "total_fallback_events": 0,
      "total_validation_retries": 0
    }
  },
  "judge_summary": {
    "zhipu:glm-5": {
      "n": 13,
      "avg_overall": 2.923076923076923,
      "tool_selection_correct_rate": 0.5384615384615384,
      "jit_instruction_followed_rate": 0.46153846153846156,
      "graphql_syntax_valid_rate": 0.0
    }
  }
}